{"cameraMode":{"drawMode":0,"name":"Shaded","section":"Shading Mode"},"sceneLighting":false,"audioPlay":false,"sceneViewState":{"showFog":false,"showMaterialUpdate":false,"showSkybox":false,"showFlares":false,"showImageEffects":false,"showParticleSystems":false},"in2DMode":false,"pivot":{"x":1077.8221435546875,"y":-64.213134765625,"z":572.44384765625},"rotation":{"x":0.018829133361577989,"y":0.9328893423080444,"z":-0.3562743663787842,"w":0.04930317774415016},"size":2431.740234375,"orthographic":false}