{"cameraMode":{"drawMode":0,"name":"Shaded","section":"Shading Mode"},"sceneLighting":false,"audioPlay":false,"sceneViewState":{"showFog":false,"showMaterialUpdate":false,"showSkybox":false,"showFlares":false,"showImageEffects":false,"showParticleSystems":false},"in2DMode":false,"pivot":{"x":0.10000181198120117,"y":-1.8393280506134034,"z":31.702180862426759},"rotation":{"x":-0.05609039589762688,"y":0.9416919946670532,"z":-0.2655036747455597,"w":-0.19894227385520936},"size":19.126262664794923,"orthographic":false}