{"cameraMode":{"drawMode":0,"name":"Shaded","section":"Shading Mode"},"sceneLighting":false,"audioPlay":false,"sceneViewState":{"showFog":false,"showMaterialUpdate":false,"showSkybox":false,"showFlares":false,"showImageEffects":false,"showParticleSystems":false},"in2DMode":false,"pivot":{"x":148.54685974121095,"y":-79.45654296875,"z":318.7576904296875},"rotation":{"x":0.02186719886958599,"y":0.8434523344039917,"z":-0.5356540083885193,"w":0.034432608634233478},"size":2603.5244140625,"orthographic":false}